{
  "batch_size": 4,
  "contrastive_weight": 0.21815592968905956,
  "dropout": 0.24218047787638403,
  "gradient_clip_norm": 0.41938968736020643,
  "hidden_size": 256,
  "kl_weight": 0.003791669057194907,
  "latent_dim": 256,
  "learning_rate": 0.00022241497527992094,
  "negative_samples": 4,
  "num_layers": 7,
  "weight_decay": 4.086651665927775e-08,
  "device": "cuda",
  "max_memory_fraction": 0.8,
  "parallel_jobs": 6
}